"part","design","scenario","k","N","fail_glmmTMB","power_glmmTMB","rho","N_eff","flag_fail","flag_small","unreliable"
"Part 1: power (equal cost)","C = 200","J-shape (rho=0.048)",1,200,0,0.88,0.0476190476190476,200,FALSE,FALSE,FALSE
"Part 1: power (equal cost)","C = 200","Unimodal (rho=0.024)",1,200,0,0.873,0.024390243902439,200,FALSE,FALSE,FALSE
"Part 1: power (equal cost)","C = 200","Mild-U (rho=0.500)",1,200,0,0.873,0.5,200,FALSE,FALSE,FALSE
"Part 1: power (equal cost)","C = 200","Strong-U (rho=0.833)",1,200,0,0.879,0.833333333333333,200,FALSE,FALSE,FALSE
"Part 1: power (equal cost)","C = 300","J-shape (rho=0.048)",1,300,0,0.951,0.0476190476190476,300,FALSE,FALSE,FALSE
"Part 1: power (equal cost)","C = 300","Unimodal (rho=0.024)",1,300,0,0.947,0.024390243902439,300,FALSE,FALSE,FALSE
"Part 1: power (equal cost)","C = 300","Mild-U (rho=0.500)",1,300,0,0.935,0.5,300,FALSE,FALSE,FALSE
"Part 1: power (equal cost)","C = 300","Strong-U (rho=0.833)",1,300,0,0.956,0.833333333333333,300,FALSE,FALSE,FALSE
"Part 1: power (equal cost)","C = 400","J-shape (rho=0.048)",1,400,0,0.994,0.0476190476190476,400,FALSE,FALSE,FALSE
"Part 1: power (equal cost)","C = 400","Unimodal (rho=0.024)",1,400,0,0.995,0.024390243902439,400,FALSE,FALSE,FALSE
"Part 1: power (equal cost)","C = 400","Mild-U (rho=0.500)",1,400,0,0.992,0.5,400,FALSE,FALSE,FALSE
"Part 1: power (equal cost)","C = 400","Strong-U (rho=0.833)",1,400,0,0.986,0.833333333333333,400,FALSE,FALSE,FALSE
"Part 1: power (equal cost)","C = 200","J-shape (rho=0.048)",3,66,0.451,0.65391621129326,0.0476190476190476,181,TRUE,FALSE,TRUE
"Part 1: power (equal cost)","C = 200","Unimodal (rho=0.024)",3,66,0.491,0.671905697445973,0.024390243902439,189,TRUE,FALSE,TRUE
"Part 1: power (equal cost)","C = 200","Mild-U (rho=0.500)",3,66,0.055,0.51957671957672,0.5,99,FALSE,FALSE,FALSE
"Part 1: power (equal cost)","C = 200","Strong-U (rho=0.833)",3,66,0.026,0.415811088295688,0.833333333333333,74,FALSE,FALSE,FALSE
"Part 1: power (equal cost)","C = 300","J-shape (rho=0.048)",3,100,0.345,0.902290076335878,0.0476190476190476,274,TRUE,FALSE,TRUE
"Part 1: power (equal cost)","C = 300","Unimodal (rho=0.024)",3,100,0.412,0.899659863945578,0.024390243902439,286,TRUE,FALSE,TRUE
"Part 1: power (equal cost)","C = 300","Mild-U (rho=0.500)",3,100,0.012,0.694331983805668,0.5,150,FALSE,FALSE,FALSE
"Part 1: power (equal cost)","C = 300","Strong-U (rho=0.833)",3,100,0.004,0.567269076305221,0.833333333333333,112,FALSE,FALSE,FALSE
"Part 1: power (equal cost)","C = 400","J-shape (rho=0.048)",3,133,0.319,0.972099853157122,0.0476190476190476,364,TRUE,FALSE,TRUE
"Part 1: power (equal cost)","C = 400","Unimodal (rho=0.024)",3,133,0.397,0.980099502487562,0.024390243902439,380,TRUE,FALSE,TRUE
"Part 1: power (equal cost)","C = 400","Mild-U (rho=0.500)",3,133,0.005,0.836180904522613,0.5,200,FALSE,FALSE,FALSE
"Part 1: power (equal cost)","C = 400","Strong-U (rho=0.833)",3,133,0.002,0.716432865731463,0.833333333333333,150,FALSE,FALSE,FALSE
"Part 1: power (equal cost)","C = 200","J-shape (rho=0.048)",5,40,0.374,0.637380191693291,0.0476190476190476,168,TRUE,FALSE,TRUE
"Part 1: power (equal cost)","C = 200","Unimodal (rho=0.024)",5,40,0.477,0.684512428298279,0.024390243902439,182,TRUE,FALSE,TRUE
"Part 1: power (equal cost)","C = 200","Mild-U (rho=0.500)",5,40,0.067,0.366559485530547,0.5,67,FALSE,FALSE,FALSE
"Part 1: power (equal cost)","C = 200","Strong-U (rho=0.833)",5,40,0.093,0.14773980154355,0.833333333333333,46,FALSE,TRUE,TRUE
"Part 1: power (equal cost)","C = 300","J-shape (rho=0.048)",5,60,0.233,0.889178617992177,0.0476190476190476,252,TRUE,FALSE,TRUE
"Part 1: power (equal cost)","C = 300","Unimodal (rho=0.024)",5,60,0.334,0.902402402402402,0.024390243902439,273,TRUE,FALSE,TRUE
"Part 1: power (equal cost)","C = 300","Mild-U (rho=0.500)",5,60,0.023,0.551688843398158,0.5,100,FALSE,FALSE,FALSE
"Part 1: power (equal cost)","C = 300","Strong-U (rho=0.833)",5,60,0.024,0.320696721311475,0.833333333333333,69,FALSE,FALSE,FALSE
"Part 1: power (equal cost)","C = 400","J-shape (rho=0.048)",5,80,0.196,0.95771144278607,0.0476190476190476,336,TRUE,FALSE,TRUE
"Part 1: power (equal cost)","C = 400","Unimodal (rho=0.024)",5,80,0.328,0.959821428571429,0.024390243902439,364,TRUE,FALSE,TRUE
"Part 1: power (equal cost)","C = 400","Mild-U (rho=0.500)",5,80,0.001,0.651651651651652,0.5,133,FALSE,FALSE,FALSE
"Part 1: power (equal cost)","C = 400","Strong-U (rho=0.833)",5,80,0.007,0.499496475327291,0.833333333333333,92,FALSE,FALSE,FALSE
"Part 1: power (equal cost)","C = 200","J-shape (rho=0.048)",10,20,0.25,0.602666666666667,0.0476190476190476,140,TRUE,FALSE,TRUE
"Part 1: power (equal cost)","C = 200","Unimodal (rho=0.024)",10,20,0.386,0.623778501628665,0.024390243902439,164,TRUE,FALSE,TRUE
"Part 1: power (equal cost)","C = 200","Mild-U (rho=0.500)",10,20,0.115,0.219209039548023,0.5,36,TRUE,TRUE,TRUE
"Part 1: power (equal cost)","C = 200","Strong-U (rho=0.833)",10,20,0.269,0.110807113543092,0.833333333333333,24,TRUE,TRUE,TRUE
"Part 1: power (equal cost)","C = 300","J-shape (rho=0.048)",10,30,0.163,0.800477897252091,0.0476190476190476,210,TRUE,FALSE,TRUE
"Part 1: power (equal cost)","C = 300","Unimodal (rho=0.024)",10,30,0.309,0.856729377713459,0.024390243902439,246,TRUE,FALSE,TRUE
"Part 1: power (equal cost)","C = 300","Mild-U (rho=0.500)",10,30,0.045,0.356020942408377,0.5,55,FALSE,TRUE,TRUE
"Part 1: power (equal cost)","C = 300","Strong-U (rho=0.833)",10,30,0.132,0.165898617511521,0.833333333333333,35,TRUE,TRUE,TRUE
"Part 1: power (equal cost)","C = 400","J-shape (rho=0.048)",10,40,0.142,0.911421911421911,0.0476190476190476,280,TRUE,FALSE,TRUE
"Part 1: power (equal cost)","C = 400","Unimodal (rho=0.024)",10,40,0.271,0.945130315500686,0.024390243902439,328,TRUE,FALSE,TRUE
"Part 1: power (equal cost)","C = 400","Mild-U (rho=0.500)",10,40,0.02,0.471428571428571,0.5,73,FALSE,FALSE,FALSE
"Part 1: power (equal cost)","C = 400","Strong-U (rho=0.833)",10,40,0.082,0.196078431372549,0.833333333333333,47,FALSE,TRUE,TRUE
"Part 1: power (equal cost)","C = 200","J-shape (rho=0.048)",20,10,0.259,0.462887989203779,0.0476190476190476,105,TRUE,FALSE,TRUE
"Part 1: power (equal cost)","C = 200","Unimodal (rho=0.024)",20,10,0.376,0.540064102564103,0.024390243902439,137,TRUE,FALSE,TRUE
"Part 1: power (equal cost)","C = 200","Mild-U (rho=0.500)",20,10,0.275,0.155862068965517,0.5,19,TRUE,TRUE,TRUE
"Part 1: power (equal cost)","C = 200","Strong-U (rho=0.833)",20,10,0.481,0.0578034682080925,0.833333333333333,12,TRUE,TRUE,TRUE
"Part 1: power (equal cost)","C = 300","J-shape (rho=0.048)",20,15,0.164,0.690191387559809,0.0476190476190476,158,TRUE,FALSE,TRUE
"Part 1: power (equal cost)","C = 300","Unimodal (rho=0.024)",20,15,0.318,0.756598240469208,0.024390243902439,205,TRUE,FALSE,TRUE
"Part 1: power (equal cost)","C = 300","Mild-U (rho=0.500)",20,15,0.165,0.270658682634731,0.5,29,TRUE,TRUE,TRUE
"Part 1: power (equal cost)","C = 300","Strong-U (rho=0.833)",20,15,0.338,0.0966767371601208,0.833333333333333,18,TRUE,TRUE,TRUE
"Part 1: power (equal cost)","C = 400","J-shape (rho=0.048)",20,20,0.071,0.810548977395048,0.0476190476190476,210,FALSE,FALSE,FALSE
"Part 1: power (equal cost)","C = 400","Unimodal (rho=0.024)",20,20,0.223,0.893178893178893,0.024390243902439,273,TRUE,FALSE,TRUE
"Part 1: power (equal cost)","C = 400","Mild-U (rho=0.500)",20,20,0.066,0.308351177730193,0.5,38,FALSE,TRUE,TRUE
"Part 1: power (equal cost)","C = 400","Strong-U (rho=0.833)",20,20,0.227,0.159120310478655,0.833333333333333,24,TRUE,TRUE,TRUE
"Part 1: power (equal cost)","C = 200","Binomial (rho=0)",1,200,0,0.888,0,200,FALSE,FALSE,FALSE
"Part 1: power (equal cost)","C = 300","Binomial (rho=0)",1,300,0,0.947,0,300,FALSE,FALSE,FALSE
"Part 1: power (equal cost)","C = 400","Binomial (rho=0)",1,400,0,0.989,0,400,FALSE,FALSE,FALSE
"Part 1: power (equal cost)","C = 200","Binomial (rho=0)",3,66,0.65,0.662857142857143,0,198,TRUE,FALSE,TRUE
"Part 1: power (equal cost)","C = 300","Binomial (rho=0)",3,100,0.597,0.918114143920596,0,300,TRUE,FALSE,TRUE
"Part 1: power (equal cost)","C = 400","Binomial (rho=0)",3,133,0.547,0.975717439293598,0,399,TRUE,FALSE,TRUE
"Part 1: power (equal cost)","C = 200","Binomial (rho=0)",5,40,0.587,0.721549636803874,0,200,TRUE,FALSE,TRUE
"Part 1: power (equal cost)","C = 300","Binomial (rho=0)",5,60,0.562,0.9337899543379,0,300,TRUE,FALSE,TRUE
"Part 1: power (equal cost)","C = 400","Binomial (rho=0)",5,80,0.532,0.976495726495726,0,400,TRUE,FALSE,TRUE
"Part 1: power (equal cost)","C = 200","Binomial (rho=0)",10,20,0.62,0.718421052631579,0,200,TRUE,FALSE,TRUE
"Part 1: power (equal cost)","C = 300","Binomial (rho=0)",10,30,0.546,0.929515418502203,0,300,TRUE,FALSE,TRUE
"Part 1: power (equal cost)","C = 400","Binomial (rho=0)",10,40,0.565,0.972413793103448,0,400,TRUE,FALSE,TRUE
"Part 1: power (equal cost)","C = 200","Binomial (rho=0)",20,10,0.672,0.63719512195122,0,200,TRUE,FALSE,TRUE
"Part 1: power (equal cost)","C = 300","Binomial (rho=0)",20,15,0.649,0.846153846153846,0,300,TRUE,FALSE,TRUE
"Part 1: power (equal cost)","C = 400","Binomial (rho=0)",20,20,0.608,0.987244897959184,0,400,TRUE,FALSE,TRUE
"Part 2: type I (equal cost)","C = 200","J-shape (rho=0.048)",1,200,0,0.052,0.0476190476190476,200,FALSE,FALSE,FALSE
"Part 2: type I (equal cost)","C = 200","Unimodal (rho=0.024)",1,200,0,0.058,0.024390243902439,200,FALSE,FALSE,FALSE
"Part 2: type I (equal cost)","C = 200","Mild-U (rho=0.500)",1,200,0,0.056,0.5,200,FALSE,FALSE,FALSE
"Part 2: type I (equal cost)","C = 200","Strong-U (rho=0.833)",1,200,0,0.057,0.833333333333333,200,FALSE,FALSE,FALSE
"Part 2: type I (equal cost)","C = 300","J-shape (rho=0.048)",1,300,0,0.048,0.0476190476190476,300,FALSE,FALSE,FALSE
"Part 2: type I (equal cost)","C = 300","Unimodal (rho=0.024)",1,300,0,0.045,0.024390243902439,300,FALSE,FALSE,FALSE
"Part 2: type I (equal cost)","C = 300","Mild-U (rho=0.500)",1,300,0,0.038,0.5,300,FALSE,FALSE,FALSE
"Part 2: type I (equal cost)","C = 300","Strong-U (rho=0.833)",1,300,0,0.04,0.833333333333333,300,FALSE,FALSE,FALSE
"Part 2: type I (equal cost)","C = 400","J-shape (rho=0.048)",1,400,0,0.051,0.0476190476190476,400,FALSE,FALSE,FALSE
"Part 2: type I (equal cost)","C = 400","Unimodal (rho=0.024)",1,400,0,0.042,0.024390243902439,400,FALSE,FALSE,FALSE
"Part 2: type I (equal cost)","C = 400","Mild-U (rho=0.500)",1,400,0,0.056,0.5,400,FALSE,FALSE,FALSE
"Part 2: type I (equal cost)","C = 400","Strong-U (rho=0.833)",1,400,0,0.065,0.833333333333333,400,FALSE,FALSE,FALSE
"Part 2: type I (equal cost)","C = 200","J-shape (rho=0.048)",3,66,0.325,0.0340740740740741,0.0476190476190476,181,TRUE,FALSE,TRUE
"Part 2: type I (equal cost)","C = 200","Unimodal (rho=0.024)",3,66,0.427,0.0191972076788831,0.024390243902439,189,TRUE,FALSE,TRUE
"Part 2: type I (equal cost)","C = 200","Mild-U (rho=0.500)",3,66,0.003,0.0531594784353059,0.5,99,FALSE,FALSE,FALSE
"Part 2: type I (equal cost)","C = 200","Strong-U (rho=0.833)",3,66,0.001,0.034034034034034,0.833333333333333,74,FALSE,FALSE,FALSE
"Part 2: type I (equal cost)","C = 300","J-shape (rho=0.048)",3,100,0.252,0.0307486631016043,0.0476190476190476,274,TRUE,FALSE,TRUE
"Part 2: type I (equal cost)","C = 300","Unimodal (rho=0.024)",3,100,0.418,0.0257731958762887,0.024390243902439,286,TRUE,FALSE,TRUE
"Part 2: type I (equal cost)","C = 300","Mild-U (rho=0.500)",3,100,0,0.051,0.5,150,FALSE,FALSE,FALSE
"Part 2: type I (equal cost)","C = 300","Strong-U (rho=0.833)",3,100,0,0.049,0.833333333333333,112,FALSE,FALSE,FALSE
"Part 2: type I (equal cost)","C = 400","J-shape (rho=0.048)",3,133,0.233,0.0338983050847458,0.0476190476190476,364,TRUE,FALSE,TRUE
"Part 2: type I (equal cost)","C = 400","Unimodal (rho=0.024)",3,133,0.332,0.0284431137724551,0.024390243902439,380,TRUE,FALSE,TRUE
"Part 2: type I (equal cost)","C = 400","Mild-U (rho=0.500)",3,133,0,0.05,0.5,200,FALSE,FALSE,FALSE
"Part 2: type I (equal cost)","C = 400","Strong-U (rho=0.833)",3,133,0,0.055,0.833333333333333,150,FALSE,FALSE,FALSE
"Part 2: type I (equal cost)","C = 200","J-shape (rho=0.048)",5,40,0.254,0.0241286863270777,0.0476190476190476,168,TRUE,FALSE,TRUE
"Part 2: type I (equal cost)","C = 200","Unimodal (rho=0.024)",5,40,0.388,0.0245098039215686,0.024390243902439,182,TRUE,FALSE,TRUE
"Part 2: type I (equal cost)","C = 200","Mild-U (rho=0.500)",5,40,0.004,0.0582329317269076,0.5,67,FALSE,FALSE,FALSE
"Part 2: type I (equal cost)","C = 200","Strong-U (rho=0.833)",5,40,0.01,0.0232323232323232,0.833333333333333,46,FALSE,TRUE,TRUE
"Part 2: type I (equal cost)","C = 300","J-shape (rho=0.048)",5,60,0.204,0.0339195979899497,0.0476190476190476,252,TRUE,FALSE,TRUE
"Part 2: type I (equal cost)","C = 300","Unimodal (rho=0.024)",5,60,0.34,0.0484848484848485,0.024390243902439,273,TRUE,FALSE,TRUE
"Part 2: type I (equal cost)","C = 300","Mild-U (rho=0.500)",5,60,0.001,0.0620620620620621,0.5,100,FALSE,FALSE,FALSE
"Part 2: type I (equal cost)","C = 300","Strong-U (rho=0.833)",5,60,0,0.045,0.833333333333333,69,FALSE,FALSE,FALSE
"Part 2: type I (equal cost)","C = 400","J-shape (rho=0.048)",5,80,0.161,0.0584028605482718,0.0476190476190476,336,TRUE,FALSE,TRUE
"Part 2: type I (equal cost)","C = 400","Unimodal (rho=0.024)",5,80,0.294,0.0254957507082153,0.024390243902439,364,TRUE,FALSE,TRUE
"Part 2: type I (equal cost)","C = 400","Mild-U (rho=0.500)",5,80,0,0.059,0.5,133,FALSE,FALSE,FALSE
"Part 2: type I (equal cost)","C = 400","Strong-U (rho=0.833)",5,80,0,0.035,0.833333333333333,92,FALSE,FALSE,FALSE
"Part 2: type I (equal cost)","C = 200","J-shape (rho=0.048)",10,20,0.221,0.030808729139923,0.0476190476190476,140,TRUE,FALSE,TRUE
"Part 2: type I (equal cost)","C = 200","Unimodal (rho=0.024)",10,20,0.352,0.0262345679012346,0.024390243902439,164,TRUE,FALSE,TRUE
"Part 2: type I (equal cost)","C = 200","Mild-U (rho=0.500)",10,20,0.018,0.0885947046843177,0.5,36,FALSE,TRUE,TRUE
"Part 2: type I (equal cost)","C = 200","Strong-U (rho=0.833)",10,20,0.059,0.0340063761955367,0.833333333333333,24,FALSE,TRUE,TRUE
"Part 2: type I (equal cost)","C = 300","J-shape (rho=0.048)",10,30,0.13,0.0413793103448276,0.0476190476190476,210,TRUE,FALSE,TRUE
"Part 2: type I (equal cost)","C = 300","Unimodal (rho=0.024)",10,30,0.292,0.0423728813559322,0.024390243902439,246,TRUE,FALSE,TRUE
"Part 2: type I (equal cost)","C = 300","Mild-U (rho=0.500)",10,30,0.003,0.0682046138415246,0.5,55,FALSE,TRUE,TRUE
"Part 2: type I (equal cost)","C = 300","Strong-U (rho=0.833)",10,30,0.019,0.0407747196738022,0.833333333333333,35,FALSE,TRUE,TRUE
"Part 2: type I (equal cost)","C = 400","J-shape (rho=0.048)",10,40,0.086,0.050328227571116,0.0476190476190476,280,FALSE,FALSE,FALSE
"Part 2: type I (equal cost)","C = 400","Unimodal (rho=0.024)",10,40,0.232,0.0390625,0.024390243902439,328,TRUE,FALSE,TRUE
"Part 2: type I (equal cost)","C = 400","Mild-U (rho=0.500)",10,40,0,0.075,0.5,73,FALSE,FALSE,FALSE
"Part 2: type I (equal cost)","C = 400","Strong-U (rho=0.833)",10,40,0.008,0.0483870967741935,0.833333333333333,47,FALSE,TRUE,TRUE
"Part 2: type I (equal cost)","C = 200","J-shape (rho=0.048)",20,10,0.211,0.0456273764258555,0.0476190476190476,105,TRUE,FALSE,TRUE
"Part 2: type I (equal cost)","C = 200","Unimodal (rho=0.024)",20,10,0.349,0.0276497695852535,0.024390243902439,137,TRUE,FALSE,TRUE
"Part 2: type I (equal cost)","C = 200","Mild-U (rho=0.500)",20,10,0.078,0.0932754880694143,0.5,19,FALSE,TRUE,TRUE
"Part 2: type I (equal cost)","C = 200","Strong-U (rho=0.833)",20,10,0.237,0.0406290956749672,0.833333333333333,12,TRUE,TRUE,TRUE
"Part 2: type I (equal cost)","C = 300","J-shape (rho=0.048)",20,15,0.105,0.0525139664804469,0.0476190476190476,158,TRUE,FALSE,TRUE
"Part 2: type I (equal cost)","C = 300","Unimodal (rho=0.024)",20,15,0.228,0.0349740932642487,0.024390243902439,205,TRUE,FALSE,TRUE
"Part 2: type I (equal cost)","C = 300","Mild-U (rho=0.500)",20,15,0.025,0.104615384615385,0.5,29,FALSE,TRUE,TRUE
"Part 2: type I (equal cost)","C = 300","Strong-U (rho=0.833)",20,15,0.096,0.0530973451327434,0.833333333333333,18,FALSE,TRUE,TRUE
"Part 2: type I (equal cost)","C = 400","J-shape (rho=0.048)",20,20,0.061,0.0415335463258786,0.0476190476190476,210,FALSE,FALSE,FALSE
"Part 2: type I (equal cost)","C = 400","Unimodal (rho=0.024)",20,20,0.179,0.048721071863581,0.024390243902439,273,TRUE,FALSE,TRUE
"Part 2: type I (equal cost)","C = 400","Mild-U (rho=0.500)",20,20,0.006,0.0885311871227364,0.5,38,FALSE,TRUE,TRUE
"Part 2: type I (equal cost)","C = 400","Strong-U (rho=0.833)",20,20,0.048,0.0745798319327731,0.833333333333333,24,FALSE,TRUE,TRUE
"Part 2: type I (equal cost)","C = 200","Binomial (rho=0)",1,200,0,0.07,0,200,FALSE,FALSE,FALSE
"Part 2: type I (equal cost)","C = 300","Binomial (rho=0)",1,300,0,0.041,0,300,FALSE,FALSE,FALSE
"Part 2: type I (equal cost)","C = 400","Binomial (rho=0)",1,400,0,0.053,0,400,FALSE,FALSE,FALSE
"Part 2: type I (equal cost)","C = 200","Binomial (rho=0)",3,66,0.539,0.03470715835141,0,198,TRUE,FALSE,TRUE
"Part 2: type I (equal cost)","C = 300","Binomial (rho=0)",3,100,0.575,0.0235294117647059,0,300,TRUE,FALSE,TRUE
"Part 2: type I (equal cost)","C = 400","Binomial (rho=0)",3,133,0.551,0.0267260579064588,0,399,TRUE,FALSE,TRUE
"Part 2: type I (equal cost)","C = 200","Binomial (rho=0)",5,40,0.559,0.0204081632653061,0,200,TRUE,FALSE,TRUE
"Part 2: type I (equal cost)","C = 300","Binomial (rho=0)",5,60,0.541,0.0522875816993464,0,300,TRUE,FALSE,TRUE
"Part 2: type I (equal cost)","C = 400","Binomial (rho=0)",5,80,0.524,0.0420168067226891,0,400,TRUE,FALSE,TRUE
"Part 2: type I (equal cost)","C = 200","Binomial (rho=0)",10,20,0.562,0.0273972602739726,0,200,TRUE,FALSE,TRUE
"Part 2: type I (equal cost)","C = 300","Binomial (rho=0)",10,30,0.565,0.0183908045977011,0,300,TRUE,FALSE,TRUE
"Part 2: type I (equal cost)","C = 400","Binomial (rho=0)",10,40,0.548,0.0243362831858407,0,400,TRUE,FALSE,TRUE
"Part 2: type I (equal cost)","C = 200","Binomial (rho=0)",20,10,0.626,0.0133689839572193,0,200,TRUE,FALSE,TRUE
"Part 2: type I (equal cost)","C = 300","Binomial (rho=0)",20,15,0.604,0.0277777777777778,0,300,TRUE,FALSE,TRUE
"Part 2: type I (equal cost)","C = 400","Binomial (rho=0)",20,20,0.553,0.0201342281879195,0,400,TRUE,FALSE,TRUE
"Part 3: power (unequal cost)","c_N = 0","J-shape (rho=0.048)",1,1000,0,1,0.0476190476190476,1000,FALSE,FALSE,FALSE
"Part 3: power (unequal cost)","c_N = 0","Unimodal (rho=0.024)",1,1000,0,1,0.024390243902439,1000,FALSE,FALSE,FALSE
"Part 3: power (unequal cost)","c_N = 0","Mild-U (rho=0.500)",1,1000,0,1,0.5,1000,FALSE,FALSE,FALSE
"Part 3: power (unequal cost)","c_N = 0","Strong-U (rho=0.833)",1,1000,0,1,0.833333333333333,1000,FALSE,FALSE,FALSE
"Part 3: power (unequal cost)","c_N = 3","J-shape (rho=0.048)",1,250,0,0.926,0.0476190476190476,250,FALSE,FALSE,FALSE
"Part 3: power (unequal cost)","c_N = 3","Unimodal (rho=0.024)",1,250,0,0.919,0.024390243902439,250,FALSE,FALSE,FALSE
"Part 3: power (unequal cost)","c_N = 3","Mild-U (rho=0.500)",1,250,0,0.907,0.5,250,FALSE,FALSE,FALSE
"Part 3: power (unequal cost)","c_N = 3","Strong-U (rho=0.833)",1,250,0,0.92,0.833333333333333,250,FALSE,FALSE,FALSE
"Part 3: power (unequal cost)","c_N = 5","J-shape (rho=0.048)",1,166,0,0.806,0.0476190476190476,166,FALSE,FALSE,FALSE
"Part 3: power (unequal cost)","c_N = 5","Unimodal (rho=0.024)",1,166,0,0.779,0.024390243902439,166,FALSE,FALSE,FALSE
"Part 3: power (unequal cost)","c_N = 5","Mild-U (rho=0.500)",1,166,0,0.798,0.5,166,FALSE,FALSE,FALSE
"Part 3: power (unequal cost)","c_N = 5","Strong-U (rho=0.833)",1,166,0,0.784,0.833333333333333,166,FALSE,FALSE,FALSE
"Part 3: power (unequal cost)","c_N = 10","J-shape (rho=0.048)",1,90,0,0.511,0.0476190476190476,90,FALSE,FALSE,FALSE
"Part 3: power (unequal cost)","c_N = 10","Unimodal (rho=0.024)",1,90,0,0.52,0.024390243902439,90,FALSE,FALSE,FALSE
"Part 3: power (unequal cost)","c_N = 10","Mild-U (rho=0.500)",1,90,0,0.536,0.5,90,FALSE,FALSE,FALSE
"Part 3: power (unequal cost)","c_N = 10","Strong-U (rho=0.833)",1,90,0,0.53,0.833333333333333,90,FALSE,FALSE,FALSE
"Part 3: power (unequal cost)","c_N = 20","J-shape (rho=0.048)",1,47,0,0.322,0.0476190476190476,47,FALSE,FALSE,FALSE
"Part 3: power (unequal cost)","c_N = 20","Unimodal (rho=0.024)",1,47,0,0.306,0.024390243902439,47,FALSE,FALSE,FALSE
"Part 3: power (unequal cost)","c_N = 20","Mild-U (rho=0.500)",1,47,0,0.295,0.5,47,FALSE,FALSE,FALSE
"Part 3: power (unequal cost)","c_N = 20","Strong-U (rho=0.833)",1,47,0,0.306,0.833333333333333,47,FALSE,FALSE,FALSE
"Part 3: power (unequal cost)","c_N = 0","J-shape (rho=0.048)",3,333,0.157,1,0.0476190476190476,912,TRUE,FALSE,TRUE
"Part 3: power (unequal cost)","c_N = 0","Unimodal (rho=0.024)",3,333,0.276,1,0.024390243902439,953,TRUE,FALSE,TRUE
"Part 3: power (unequal cost)","c_N = 0","Mild-U (rho=0.500)",3,333,0,0.994,0.5,500,FALSE,FALSE,FALSE
"Part 3: power (unequal cost)","c_N = 0","Strong-U (rho=0.833)",3,333,0,0.983,0.833333333333333,375,FALSE,FALSE,FALSE
"Part 3: power (unequal cost)","c_N = 3","J-shape (rho=0.048)",3,166,0.26,0.993243243243243,0.0476190476190476,455,TRUE,FALSE,TRUE
"Part 3: power (unequal cost)","c_N = 3","Unimodal (rho=0.024)",3,166,0.388,0.990196078431373,0.024390243902439,475,TRUE,FALSE,TRUE
"Part 3: power (unequal cost)","c_N = 3","Mild-U (rho=0.500)",3,166,0.002,0.901803607214429,0.5,249,FALSE,FALSE,FALSE
"Part 3: power (unequal cost)","c_N = 3","Strong-U (rho=0.833)",3,166,0,0.804,0.833333333333333,187,FALSE,FALSE,FALSE
"Part 3: power (unequal cost)","c_N = 5","J-shape (rho=0.048)",3,125,0.267,0.956343792633015,0.0476190476190476,342,TRUE,FALSE,TRUE
"Part 3: power (unequal cost)","c_N = 5","Unimodal (rho=0.024)",3,125,0.378,0.967845659163987,0.024390243902439,358,TRUE,FALSE,TRUE
"Part 3: power (unequal cost)","c_N = 5","Mild-U (rho=0.500)",3,125,0.003,0.794383149448345,0.5,188,FALSE,FALSE,FALSE
"Part 3: power (unequal cost)","c_N = 5","Strong-U (rho=0.833)",3,125,0.002,0.707414829659319,0.833333333333333,141,FALSE,FALSE,FALSE
"Part 3: power (unequal cost)","c_N = 10","J-shape (rho=0.048)",3,76,0.398,0.81063122923588,0.0476190476190476,208,TRUE,FALSE,TRUE
"Part 3: power (unequal cost)","c_N = 10","Unimodal (rho=0.024)",3,76,0.485,0.836893203883495,0.024390243902439,217,TRUE,FALSE,TRUE
"Part 3: power (unequal cost)","c_N = 10","Mild-U (rho=0.500)",3,76,0.034,0.561076604554865,0.5,114,FALSE,FALSE,FALSE
"Part 3: power (unequal cost)","c_N = 10","Strong-U (rho=0.833)",3,76,0.022,0.423312883435583,0.833333333333333,85,FALSE,FALSE,FALSE
"Part 3: power (unequal cost)","c_N = 20","J-shape (rho=0.048)",3,43,0.59,0.282926829268293,0.0476190476190476,118,TRUE,FALSE,TRUE
"Part 3: power (unequal cost)","c_N = 20","Unimodal (rho=0.024)",3,43,0.64,0.294444444444444,0.024390243902439,123,TRUE,FALSE,TRUE
"Part 3: power (unequal cost)","c_N = 20","Mild-U (rho=0.500)",3,43,0.168,0.225961538461538,0.5,64,TRUE,FALSE,TRUE
"Part 3: power (unequal cost)","c_N = 20","Strong-U (rho=0.833)",3,43,0.121,0.0750853242320819,0.833333333333333,48,TRUE,TRUE,TRUE
"Part 3: power (unequal cost)","c_N = 0","J-shape (rho=0.048)",5,200,0.075,1,0.0476190476190476,840,FALSE,FALSE,FALSE
"Part 3: power (unequal cost)","c_N = 0","Unimodal (rho=0.024)",5,200,0.199,1,0.024390243902439,911,TRUE,FALSE,TRUE
"Part 3: power (unequal cost)","c_N = 0","Mild-U (rho=0.500)",5,200,0,0.967,0.5,333,FALSE,FALSE,FALSE
"Part 3: power (unequal cost)","c_N = 0","Strong-U (rho=0.833)",5,200,0,0.888,0.833333333333333,231,FALSE,FALSE,FALSE
"Part 3: power (unequal cost)","c_N = 3","J-shape (rho=0.048)",5,125,0.127,0.995418098510882,0.0476190476190476,525,TRUE,FALSE,TRUE
"Part 3: power (unequal cost)","c_N = 3","Unimodal (rho=0.024)",5,125,0.266,0.997275204359673,0.024390243902439,569,TRUE,FALSE,TRUE
"Part 3: power (unequal cost)","c_N = 3","Mild-U (rho=0.500)",5,125,0.001,0.837837837837838,0.5,208,FALSE,FALSE,FALSE
"Part 3: power (unequal cost)","c_N = 3","Strong-U (rho=0.833)",5,125,0.001,0.727727727727728,0.833333333333333,144,FALSE,FALSE,FALSE
"Part 3: power (unequal cost)","c_N = 5","J-shape (rho=0.048)",5,100,0.179,0.986601705237515,0.0476190476190476,420,TRUE,FALSE,TRUE
"Part 3: power (unequal cost)","c_N = 5","Unimodal (rho=0.024)",5,100,0.268,0.990437158469945,0.024390243902439,456,TRUE,FALSE,TRUE
"Part 3: power (unequal cost)","c_N = 5","Mild-U (rho=0.500)",5,100,0,0.776,0.5,167,FALSE,FALSE,FALSE
"Part 3: power (unequal cost)","c_N = 5","Strong-U (rho=0.833)",5,100,0.004,0.602409638554217,0.833333333333333,115,FALSE,FALSE,FALSE
"Part 3: power (unequal cost)","c_N = 10","J-shape (rho=0.048)",5,66,0.221,0.902439024390244,0.0476190476190476,277,TRUE,FALSE,TRUE
"Part 3: power (unequal cost)","c_N = 10","Unimodal (rho=0.024)",5,66,0.358,0.929906542056075,0.024390243902439,301,TRUE,FALSE,TRUE
"Part 3: power (unequal cost)","c_N = 10","Mild-U (rho=0.500)",5,66,0.009,0.588294651866801,0.5,110,FALSE,FALSE,FALSE
"Part 3: power (unequal cost)","c_N = 10","Strong-U (rho=0.833)",5,66,0.024,0.407786885245902,0.833333333333333,76,FALSE,FALSE,FALSE
"Part 3: power (unequal cost)","c_N = 20","J-shape (rho=0.048)",5,40,0.32,0.639705882352941,0.0476190476190476,168,TRUE,FALSE,TRUE
"Part 3: power (unequal cost)","c_N = 20","Unimodal (rho=0.024)",5,40,0.472,0.679924242424242,0.024390243902439,182,TRUE,FALSE,TRUE
"Part 3: power (unequal cost)","c_N = 20","Mild-U (rho=0.500)",5,40,0.07,0.37741935483871,0.5,67,FALSE,FALSE,FALSE
"Part 3: power (unequal cost)","c_N = 20","Strong-U (rho=0.833)",5,40,0.106,0.146532438478747,0.833333333333333,46,TRUE,TRUE,TRUE
"Part 3: power (unequal cost)","c_N = 0","J-shape (rho=0.048)",10,100,0.015,0.998984771573604,0.0476190476190476,700,FALSE,FALSE,FALSE
"Part 3: power (unequal cost)","c_N = 0","Unimodal (rho=0.024)",10,100,0.112,1,0.024390243902439,820,TRUE,FALSE,TRUE
"Part 3: power (unequal cost)","c_N = 0","Mild-U (rho=0.500)",10,100,0,0.824,0.5,182,FALSE,FALSE,FALSE
"Part 3: power (unequal cost)","c_N = 0","Strong-U (rho=0.833)",10,100,0.001,0.610610610610611,0.833333333333333,118,FALSE,FALSE,FALSE
"Part 3: power (unequal cost)","c_N = 3","J-shape (rho=0.048)",10,76,0.044,0.99581589958159,0.0476190476190476,532,FALSE,FALSE,FALSE
"Part 3: power (unequal cost)","c_N = 3","Unimodal (rho=0.024)",10,76,0.148,1,0.024390243902439,623,TRUE,FALSE,TRUE
"Part 3: power (unequal cost)","c_N = 3","Mild-U (rho=0.500)",10,76,0,0.682,0.5,138,FALSE,FALSE,FALSE
"Part 3: power (unequal cost)","c_N = 3","Strong-U (rho=0.833)",10,76,0.004,0.511044176706827,0.833333333333333,89,FALSE,FALSE,FALSE
"Part 3: power (unequal cost)","c_N = 5","J-shape (rho=0.048)",10,66,0.066,0.991434689507495,0.0476190476190476,462,FALSE,FALSE,FALSE
"Part 3: power (unequal cost)","c_N = 5","Unimodal (rho=0.024)",10,66,0.165,0.994011976047904,0.024390243902439,541,TRUE,FALSE,TRUE
"Part 3: power (unequal cost)","c_N = 5","Mild-U (rho=0.500)",10,66,0.002,0.64128256513026,0.5,120,FALSE,FALSE,FALSE
"Part 3: power (unequal cost)","c_N = 5","Strong-U (rho=0.833)",10,66,0.015,0.456852791878173,0.833333333333333,78,FALSE,FALSE,FALSE
"Part 3: power (unequal cost)","c_N = 10","J-shape (rho=0.048)",10,50,0.075,0.962162162162162,0.0476190476190476,350,FALSE,FALSE,FALSE
"Part 3: power (unequal cost)","c_N = 10","Unimodal (rho=0.024)",10,50,0.215,0.974522292993631,0.024390243902439,410,TRUE,FALSE,TRUE
"Part 3: power (unequal cost)","c_N = 10","Mild-U (rho=0.500)",10,50,0.015,0.504568527918782,0.5,91,FALSE,FALSE,FALSE
"Part 3: power (unequal cost)","c_N = 10","Strong-U (rho=0.833)",10,50,0.02,0.333673469387755,0.833333333333333,59,FALSE,TRUE,TRUE
"Part 3: power (unequal cost)","c_N = 20","J-shape (rho=0.048)",10,33,0.157,0.826809015421115,0.0476190476190476,231,TRUE,FALSE,TRUE
"Part 3: power (unequal cost)","c_N = 20","Unimodal (rho=0.024)",10,33,0.299,0.887303851640514,0.024390243902439,271,TRUE,FALSE,TRUE
"Part 3: power (unequal cost)","c_N = 20","Mild-U (rho=0.500)",10,33,0.044,0.395397489539749,0.5,60,FALSE,FALSE,FALSE
"Part 3: power (unequal cost)","c_N = 20","Strong-U (rho=0.833)",10,33,0.118,0.204081632653061,0.833333333333333,39,TRUE,TRUE,TRUE
"Part 3: power (unequal cost)","c_N = 0","J-shape (rho=0.048)",20,50,0.013,0.991894630192503,0.0476190476190476,525,FALSE,FALSE,FALSE
"Part 3: power (unequal cost)","c_N = 0","Unimodal (rho=0.024)",20,50,0.049,0.998948475289169,0.024390243902439,683,FALSE,FALSE,FALSE
"Part 3: power (unequal cost)","c_N = 0","Mild-U (rho=0.500)",20,50,0.003,0.559679037111334,0.5,95,FALSE,FALSE,FALSE
"Part 3: power (unequal cost)","c_N = 0","Strong-U (rho=0.833)",20,50,0.02,0.336734693877551,0.833333333333333,59,FALSE,TRUE,TRUE
"Part 3: power (unequal cost)","c_N = 3","J-shape (rho=0.048)",20,43,0.013,0.983789260385005,0.0476190476190476,452,FALSE,FALSE,FALSE
"Part 3: power (unequal cost)","c_N = 3","Unimodal (rho=0.024)",20,43,0.091,0.996699669966997,0.024390243902439,588,FALSE,FALSE,FALSE
"Part 3: power (unequal cost)","c_N = 3","Mild-U (rho=0.500)",20,43,0.003,0.542627883650953,0.5,82,FALSE,FALSE,FALSE
"Part 3: power (unequal cost)","c_N = 3","Strong-U (rho=0.833)",20,43,0.058,0.253715498938429,0.833333333333333,51,FALSE,TRUE,TRUE
"Part 3: power (unequal cost)","c_N = 5","J-shape (rho=0.048)",20,40,0.018,0.974541751527495,0.0476190476190476,420,FALSE,FALSE,FALSE
"Part 3: power (unequal cost)","c_N = 5","Unimodal (rho=0.024)",20,40,0.087,0.992332968236583,0.024390243902439,547,FALSE,FALSE,FALSE
"Part 3: power (unequal cost)","c_N = 5","Mild-U (rho=0.500)",20,40,0.003,0.494483450351053,0.5,76,FALSE,FALSE,FALSE
"Part 3: power (unequal cost)","c_N = 5","Strong-U (rho=0.833)",20,40,0.056,0.254237288135593,0.833333333333333,48,FALSE,TRUE,TRUE
"Part 3: power (unequal cost)","c_N = 10","J-shape (rho=0.048)",20,33,0.029,0.961894953656025,0.0476190476190476,346,FALSE,FALSE,FALSE
"Part 3: power (unequal cost)","c_N = 10","Unimodal (rho=0.024)",20,33,0.128,0.987385321100917,0.024390243902439,451,TRUE,FALSE,TRUE
"Part 3: power (unequal cost)","c_N = 10","Mild-U (rho=0.500)",20,33,0.008,0.438508064516129,0.5,63,FALSE,FALSE,FALSE
"Part 3: power (unequal cost)","c_N = 10","Strong-U (rho=0.833)",20,33,0.078,0.223427331887202,0.833333333333333,39,FALSE,TRUE,TRUE
"Part 3: power (unequal cost)","c_N = 20","J-shape (rho=0.048)",20,25,0.057,0.907741251325557,0.0476190476190476,262,FALSE,FALSE,FALSE
"Part 3: power (unequal cost)","c_N = 20","Unimodal (rho=0.024)",20,25,0.18,0.939024390243902,0.024390243902439,342,TRUE,FALSE,TRUE
"Part 3: power (unequal cost)","c_N = 20","Mild-U (rho=0.500)",20,25,0.039,0.344432882414152,0.5,48,FALSE,TRUE,TRUE
"Part 3: power (unequal cost)","c_N = 20","Strong-U (rho=0.833)",20,25,0.165,0.182035928143713,0.833333333333333,30,TRUE,TRUE,TRUE
